"parameter_values","Bias_sq","Variance","Test","Training"
"1",0.020719784838677,1.01178203674514,2.03250182158382,0
"3",0.0083518870271115,0.334262773887023,1.34261466091413,0.690018094756857
"5",0.00721237890647326,0.200560361812305,1.20777274071878,0.829499310183267
"7",0.0100974398631741,0.145012388402939,1.15510982826611,0.886976065538634
"9",0.0158364851665275,0.113154391546732,1.12899087671326,0.9161670477997
"11",0.0234428042724003,0.0912831650609938,1.11472596933339,0.938546224716328
"13",0.0317374181901462,0.0768851411575498,1.1086225593477,0.957771428515189
"15",0.0408827541956815,0.0671539018397926,1.10803665603547,0.971122650247221
