"parameter_values","Bias_sq","Variance","Test","Training"
"-4",0.926903747752111,0.00906851216768669,1.9359722599198,1.74716185316247
"-3",1.37444394171974,0.00763788886044424,2.38208183058018,2.0247434630027
"-2",1.56192459722595,0.00598637106730106,2.56791096829325,2.1749616758894
"-1",1.58806155392979,0.00446068423083857,2.59252223816063,2.23116929922153
"0",1.58276054948644,0.00303831479481744,2.58579886428125,2.25261112583438
"1",1.58612189181966,0.00198768890035399,2.58810958072001,2.29889987329883
"2",1.62336630764503,0.00166492004484684,2.62503122768988,2.36712772789592
"3",1.63287307898065,0.00165512952518866,2.63452820850584,2.38206624030191
