"parameter_values","Bias_sq","Variance","Test","Training"
"2",1.60416331096109,0.00299766994528143,2.60716098090637,2.23989662494898
"15",0.00294812540771061,0.0238917183094464,1.02683984371716,0.989428153263792
"28",0.0016381293561353,0.0451766723697725,1.04681480172591,0.955967177883706
"41",0.00201458083512103,0.0685854954775534,1.07060007631267,0.92346819478993
"54",0.00242869526325132,0.0941268621999758,1.09655555746323,0.893112487647614
"67",0.00290697163137501,0.12200907688327,1.12491604851465,0.864314898657737
"80",0.0034961082948666,0.154051003324421,1.15754711161929,0.837459809325315
"93",0.00418462107660842,0.192662894266345,1.19684751534295,0.813558765348022
