"parameter_values","Bias_sq","Variance","Test","Training"
"2",0.403663232973305,0.124785962324475,1.52844919529778,1.37670282258064
"4",0.0212245031896436,0.137615824643079,1.15884032783272,0.942185271899419
"6",0.00789899616347203,0.294705551641214,1.30260454780469,0.735879928091772
"8",0.0118789256862631,0.506171530858336,1.5180504565446,0.514738787629225
"10",0.0143224464757275,0.687556568636689,1.70187901511242,0.323928509522874
"12",0.0161925923741621,0.813395516112686,1.82958810848685,0.200632002932534
"14",0.017460861475444,0.87833861387523,1.89579947535067,0.135618607134558
"16",0.01816163074033,0.910397968141531,1.92855959888186,0.104322044224638
