"parameter_values","Bias_sq","Variance","Test","Training"
"1",1.605179275312,0.00299764631144792,2.60817692162344,2.24109733077478
"2",1.61275100189992,0.00540613595759885,2.61815713785752,2.23773211435551
"3",1.61296366615534,0.0081202927015625,2.62108395885691,2.23538891603203
"4",0.563617374610779,0.010087506911053,1.57370488152183,1.53931702850497
"5",0.120459032398426,0.0127799033595393,1.13323893575797,1.10656157844236
"6",0.0474012431999446,0.0146860478736092,1.06208729107355,1.05671138869602
"7",0.00268809581685055,0.0169474497423578,1.01963554555921,1.01081739695846
"8",0.00174973057284531,0.0192789709109975,1.02102870148384,1.00877686066758
