"parameter_values","Bias_sq","Variance","Test","Training"
"2",1.60301057717779,0.00576802597568989,2.60877860315348,2.39733509698651
"15",0.00249313793534673,0.0411375843660468,1.04363072230139,0.955394124099007
"28",0.00240764287176678,0.0746050683622961,1.07701271123406,0.901592034284814
"41",0.00307962771958013,0.114502820267529,1.11758244798711,0.84921748002239
"54",0.00364769747227863,0.159951287439537,1.16359898491182,0.800244801343838
"67",0.00446050436551458,0.213390428618257,1.21785093298377,0.754338146406925
"80",0.00573086505777381,0.281510736098642,1.28724160115642,0.713645006665907
"93",0.00755166691655982,0.369538426012163,1.37709009292872,0.681923157675173
