"parameter_values","Bias_sq","Variance","Test","Training"
"1",0.0209174410748843,1.0121026115762,2.03302005265108,0
"3",0.00947679978931323,0.330785691569678,1.34026249135899,0.693724684026101
"5",0.00769403053920035,0.200061616924109,1.20775564746331,0.820847872460957
"7",0.0108078360577945,0.142418850973708,1.1532266870315,0.877955848912939
"9",0.0158004589783018,0.109837667980638,1.12563812695894,0.912627301430992
"11",0.0229515359896437,0.0901572699788858,1.11310880596853,0.938763989239395
"13",0.0328554325749905,0.0756182462403738,1.10847367881536,0.957978382369429
"15",0.047114096474925,0.0657527084478546,1.11286680492278,0.974209944532378
