"parameter_values","Bias_sq","Variance","Test","Training"
"2",48.0568377289393,6.17619781532639,55.2330355442657,50.862984846955
"4",3.91283567349824,1.71392317073865,6.62675884423688,2.63549067541235
"6",2.24252401151678,0.69905561986953,3.94157963138631,0.627101892583839
"8",2.24449807473821,0.79315176543779,4.037649840176,0.424291505963701
"10",2.2457178400613,0.905345274160737,4.15106311422204,0.310967415625519
"12",2.24575673741979,0.946342970910108,4.19209970832989,0.270136863218162
"14",2.24642371105497,0.957110983548706,4.20353469460368,0.260296169476652
"16",2.24635921543205,0.959133428461086,4.20549264389314,0.258202104215316
