"parameter_values","Bias_sq","Variance","Test","Training"
"2",138.247983806699,0.0180435934837607,139.266027400183,98.3615010498212
"15",0.0238936037740663,0.144891524861007,1.16878512863507,0.817872628455765
"28",0.00852691790462146,0.286327506043025,1.29485442394765,0.656936655649773
"41",0.0104670269173505,0.481635507691781,1.49210253460913,0.519171663156207
"54",0.0135155400249858,0.826655438244816,1.8401709782698,0.408077449015884
"67",0.0299677790882282,2.36020854641709,3.39017632550532,0.354880556688127
"80",0.0299677790882283,2.36020854641709,3.39017632550532,0.354880556688127
"93",0.0299677790882283,2.36020854641709,3.39017632550532,0.354880556688127
