"parameter_values","Bias_sq","Variance","Test","Training"
"-4",0.00934803307447967,0.0765423983173803,1.08589043139186,0.936969017047145
"-3",0.0108437881438607,0.0763111032179546,1.08715489136182,0.938027031523532
"-2",0.033040599108016,0.0742491276874601,1.10728972679548,0.955101821935705
"-1",0.434803808415011,0.0641169524410837,1.4989207608561,1.29425979918576
"0",1.76226684302763,0.0478360109963012,2.81010285402393,2.52987468190227
"1",16.5038538290175,0.0316475011642117,17.5355013301817,14.6005249859967
"2",243.276205993503,0.0130355925484595,244.289241586052,193.025278423976
"3",525.662717705488,0.00668203271392104,526.669399738202,417.998733542608
