"parameter_values","Bias_sq","Variance","Test","Training"
"1",1.52407797396538,1.00099821961734,3.52507619358271,0
"3",2.57586214067237,0.346381620382401,3.92224376105477,1.90969333879818
"5",8.76367682005024,0.213183903865172,9.97686072391542,5.48763106885954
"7",16.0912498695774,0.151742475463587,17.2429923450409,9.88517447805348
"9",23.8475994419376,0.120539871025201,24.9681393129628,14.9745656053794
"11",32.940131294952,0.0994983046359831,34.039629599588,19.4661268440859
"13",42.8887926896609,0.0857281671902004,43.9745208568511,25.5287951608704
"15",54.8455731528519,0.0746159609904282,55.9201891138424,32.5515294532052
