"parameter_values","Bias_sq","Variance","Test","Training"
"1",138.385435284068,0.0180435456968074,139.403478829764,98.4558237178394
"2",98.2799755061999,0.0334700551084918,99.3134455613084,76.713892524873
"3",0.00311695575594146,0.0487257503344525,1.05184270609039,0.95755256491614
"4",0.00355985133975467,0.0625238217247779,1.06608367306453,0.944695609152181
"5",0.00361835105800482,0.0765538129603572,1.08017216401836,0.933793175486169
"6",0.00363854449983946,0.0924234499079675,1.09606199440781,0.920506858848567
"7",0.00356667729206746,0.107384234826842,1.11095091211891,0.90768170369573
"8",0.00360587060943202,0.118477735986322,1.12208360659575,0.899898327934598
