"parameter_values","Bias_sq","Variance","Test","Training"
"2",0.0534923802542499,0.223090605860843,1.27658298611509,0.967133114657309
"4",0.0115375608790721,0.391583231419789,1.40312079229886,0.658454608348216
"6",0.0145144237083472,0.65052632177468,1.66504074548303,0.396679244816374
"8",0.0175783490035322,0.800964864504809,1.81854321350834,0.221511975057689
"10",0.0177137272624562,0.882585612477666,1.90029933974012,0.125542709757811
"12",0.0184020437056173,0.905245627022285,1.9236476707279,0.0960009926931102
"14",0.0186736732904037,0.909863309651069,1.92853698294147,0.0882971635284545
"16",0.0185887265061206,0.910323027944886,1.92891175445101,0.0872898555832778
