"parameter_values","Bias_sq","Variance","Test","Training"
"1",0.0192096304720374,1.00099821961751,2.02020785008955,0
"3",0.0127977970480424,0.346381620382443,1.35917941743049,0.655000472146961
"5",0.0121892739082998,0.213183903865206,1.22537317777351,0.783458453357979
"7",0.0183692526278301,0.151742475463723,1.17011172809155,0.856610830857685
"9",0.026013783789713,0.120539871025216,1.14655365481493,0.900869333891868
"11",0.0389504041582705,0.0994983046360776,1.13844870879435,0.924255291929407
"13",0.0478290841784109,0.0857281671902066,1.13355725136862,0.943231867207082
"15",0.059953009955564,0.0746159609905098,1.13456897094607,0.961242954926574
