"parameter_values","Bias_sq","Variance","Test","Training"
"1",0.734963512974419,0.0180435456968035,1.75300705867122,1.58900203379934
"2",0.384006300046273,0.0334700551084961,1.41747635515477,1.26667899041169
"3",0.0426570385850858,0.0487257503344968,1.09138278891958,0.987617579256503
"4",0.0361934793155478,0.0625238217247806,1.09871730104033,0.961668072083436
"5",0.0218091888677133,0.0765538129603345,1.09836300182805,0.942756376164589
"6",0.010266322459676,0.0924234499079686,1.10268977236764,0.921351799550048
"7",0.0102301750006415,0.107384234826864,1.1176144098275,0.908519060345946
"8",0.00636654302502166,0.118477735986304,1.12484427901133,0.898514498320099
