"parameter_values","Bias_sq","Variance","Test","Training"
"1",0.187381306508356,1.01210261157616,2.19948391808451,0
"3",0.254739410827189,0.330785691569708,1.5855251023969,0.812360433876693
"5",0.530323340088254,0.200061616924062,1.73038495701232,1.10119866797387
"7",1.02389255907846,0.142418850973683,2.16631141005214,1.40724183162775
"9",1.75782460025716,0.109837667980719,2.86766226823787,1.89455974824016
"11",2.85012481718572,0.0901572699788366,3.94028208716455,2.45600465653931
"13",4.45915544382448,0.0756182462403514,5.53477369006483,3.28075944819369
"15",6.11887974865928,0.0657527084478373,7.18463245710711,4.24119265099921
