"parameter_values","Bias_sq","Variance","Test","Training"
"2",136.79345299146,0.00576802597569424,137.799221017436,105.585251728128
"15",0.0250551444762139,0.0411375843660103,1.06619272884222,0.969349340552246
"28",0.00334285415486769,0.0746050683622854,1.07794792251715,0.901964240563783
"41",0.00329503390937361,0.114502820267526,1.1177978541769,0.849242730919718
"54",0.00373148290016039,0.159951287439518,1.16368277033968,0.800260537215169
"67",0.00447171804806058,0.213390428618287,1.21786214666635,0.754354525728377
"80",0.00568690309680549,0.281510736098673,1.28719763919548,0.713652962754058
"93",0.00749202944471698,0.369538426012165,1.37703045545688,0.681924486534147
