"parameter_values","Bias_sq","Variance","Test","Training"
"-4",0.00566410347916783,0.0234799299719159,1.02914403345108,0.997374037109715
"-3",0.0069467952027114,0.0234214812379853,1.0303682764407,0.998353477313191
"-2",0.0264134101832157,0.0228828169824763,1.04929622716569,1.01441140855468
"-1",0.395952771689014,0.0200930646232963,1.41604583631231,1.34883677749836
"0",1.67808813096283,0.0153786898156089,2.69346682077844,2.67423768818382
"1",16.1981711858802,0.0105411035200213,17.2087122894002,14.8956593335571
"2",242.946505823902,0.00455435614939,243.951060180051,192.614765040961
"3",525.94023487752,0.00258883377465451,526.942823711295,416.087175419814
