"parameter_values","Bias_sq","Variance","Test","Training"
"-4",0.0215092229647675,0.0183903664811422,0.28989958944591,0.243998089784063
"-3",0.0291553250704054,0.0158352034202193,0.294990528490625,0.248833880988042
"-2",0.0502340657477133,0.0120109278229285,0.312244993570642,0.265600600423279
"-1",0.188015629975748,0.00810229454967424,0.446117924525422,0.386178983167762
"0",0.513570609574902,0.00467747229412807,0.76824808186903,0.693596291571799
"1",0.847756474983571,0.00247706982512328,1.10023354480869,1.12819349636273
"2",1.280121419089,0.0016485008443069,1.53176991993331,1.5922029360812
"3",1.36805497490155,0.001618746442158,1.61967372134371,1.68198486821411
