"parameter_values","Bias_sq","Variance","Test","Training"
"2",0.0907736014231359,0.0875989159837458,0.428372517406882,0.342543671438627
"4",0.0063271943456292,0.102527296596306,0.358854490941936,0.176525822162717
"6",0.0045991742424676,0.158283541919833,0.412882716162301,0.106545704575563
"8",0.0059766348786065,0.199198938741594,0.4551755736202,0.0589090048087072
"10",0.00621434079668088,0.220081525267091,0.476295866063772,0.0334654292596538
"12",0.0061624457121819,0.225651496822933,0.481813942535115,0.0259978746071749
"14",0.00622463660281792,0.227171862150894,0.483396498753712,0.0239734324920724
"16",0.00624786727544063,0.227304895433702,0.483552762709142,0.0237315940842725
