"parameter_values","Bias_sq","Variance","Test","Training"
"2",0.729974382456691,0.00451089837094471,0.984485280827635,0.857002524939125
"15",0.00216509959718113,0.0362228812152476,0.288387980812429,0.201578988084103
"28",0.00210925933041924,0.071581876510766,0.323691135841185,0.1642044584949
"41",0.00266523700639734,0.120408876922947,0.373074113929344,0.129783935112817
"54",0.00347996820491227,0.20666385956119,0.460143827766103,0.102018235087925
"67",0.00762660725611479,0.590052136604272,0.847678743860387,0.0887198914892607
"80",0.00762660725611479,0.590052136604272,0.847678743860387,0.0887198914892607
"93",0.00762660725611479,0.590052136604272,0.847678743860387,0.0887198914892607
