"parameter_values","Bias_sq","Variance","Test","Training"
"1",0.731268601223313,0.00451088642420093,0.985779487647514,0.858124332377265
"2",0.381857068568619,0.00836751377712393,0.640224582345742,0.526454122845455
"3",0.0423854360844769,0.0121814375836242,0.304566873668101,0.268778546495088
"4",0.0341368058501816,0.0156309554311951,0.299767761281377,0.253660074163151
"5",0.0200777052257757,0.0191384532400836,0.289216158465859,0.243579221744901
"6",0.00875559118369599,0.023105862476992,0.281861453660688,0.232631269594679
"7",0.00876307563504514,0.0268460587067159,0.285609134341761,0.229420639956247
"8",0.00482121749366866,0.0296194339965759,0.284440651490245,0.225419055807887
