"parameter_values","Bias_sq","Variance","Test","Training"
"2",28.846854075729,27.1926727816091,156.039526857338,143.580855272232
"4",0.428609368982764,11.3688292931684,111.797438662151,92.0788666388632
"6",0.6221652436643,27.5607324324918,128.182897676156,74.411768664874
"8",0.93182736552096,44.1714662400243,145.103293605545,56.7816588200406
"10",1.27358250796639,58.2744325290116,159.548015036978,41.740272962624
"12",1.53717682065489,69.4667023503626,171.003879171018,30.6282735026344
"14",1.6787072891587,77.795148433219,179.473855722378,22.6127618094094
"16",1.74757773083478,83.6024370503819,185.350014781217,17.1680816651763
