"parameter_values","Bias_sq","Variance","Test","Training"
"1",134.168753611467,0.299764631144803,234.468518242612,231.256784512999
"2",93.9592090186121,0.540613595759881,194.499822614372,185.02363866739
"3",0.0129367953556576,0.81202927015631,100.824966065512,101.817602263967
"4",0.0137349626793283,1.00875069110538,101.022485653785,101.641140094146
"5",0.0402512220817596,1.27799033595381,101.318241558036,101.367480851958
"6",0.0475976601605914,1.46860478736106,101.516202447522,101.200355200453
"7",0.0499884682272755,1.69474497423796,101.744733442465,101.013602776196
"8",0.0533341202787767,1.92789709109024,101.981231211369,100.845906841294
