"parameter_values","Bias_sq","Variance","Test","Training"
"2",132.658104085902,0.299766994528214,232.95787108043,229.764361084774
"15",0.052838436959212,2.3891718309446,102.442010267904,98.9263934226964
"28",0.141521784667073,4.51766723697724,104.659189021644,95.5947618230625
"41",0.197769430533279,6.85854954775534,107.056318978289,92.3462198286076
"54",0.241748922572921,9.4126862199976,109.654435142571,89.3109027380508
"67",0.290133816401972,12.200907688327,112.491041504729,86.4312943570613
"80",0.349178988152914,15.4051003324421,115.754279320595,83.7458989572427
"93",0.417782317990082,19.2662894266345,119.684071744625,81.3558733028632
