"parameter_values","Bias_sq","Variance","Test","Training"
"1",1.99469916460075,101.178203674514,203.172902839115,0
"3",0.75357211974837,33.4262773887024,134.179849508451,68.9757501729999
"5",0.592708392006261,20.0560361812306,120.648744573237,82.8807620287989
"7",0.538240294174376,14.5012388402939,115.039479134468,88.632010049514
"9",0.539370192302857,11.3154391546732,111.854809346976,91.391154375849
"11",0.600940716110524,9.12831650609929,109.72925722221,93.4099406008713
"13",0.70657381364166,7.68851411575511,108.395087929397,95.1633774517886
"15",0.902680346431941,6.71539018397929,107.618070530411,96.3409457785902
