"parameter_values","Bias_sq","Variance","Test","Training"
"-4",0.0188566908426548,0.0121219494453398,1.03097864028799,1.02829889952766
"-3",0.0240533327875994,0.0100922293720616,1.03414556215966,1.03622482931744
"-2",0.0428090797648859,0.0080255360969293,1.05083461586182,1.05835028638774
"-1",0.178286566560913,0.00555157381328268,1.1838381403742,1.17928820202163
"0",0.503617364286729,0.00338374654663924,1.50700111083337,1.49494493484922
"1",0.848772678011746,0.00210419154973203,1.85087686956148,1.88267856530201
"2",1.27247063203791,0.0016688498621413,2.27413948190005,2.33968867856743
"3",1.36357287058454,0.00165510018105895,2.36522797076559,2.43675252105593
