"parameter_values","Bias_sq","Variance","Test","Training"
"1",0.726997019199154,0.00299764631144792,1.7299946655106,1.64468815484951
"2",0.371670602737454,0.0054061359575989,1.37707673869505,1.36950816540805
"3",0.0421001659463356,0.0081202927015627,1.0502204586479,1.05431443131226
"4",0.0312294838608752,0.0100875069110533,1.04131699077193,1.04621987685294
"5",0.0196826619677839,0.0127799033595381,1.03246256532732,1.02747160508122
"6",0.00789910368074756,0.0146860478736104,1.02258515155436,1.01772148703171
"7",0.00788674680678953,0.0169474497423792,1.02483419654917,1.01585433420296
"8",0.00502700190442914,0.0192789709109015,1.02430597281533,1.01072213146496
