"parameter_values","Bias_sq","Variance","Test","Training"
"2",0.716953651700158,0.00299766994528257,1.71995132164544,1.63611466790091
"15",0.00143117531002749,0.0238917183094463,1.02532289361947,0.989217597325191
"28",0.0016496899160182,0.0451766723697724,1.04682636228579,0.955983945907797
"41",0.0020541466497965,0.0685854954775533,1.07063964212735,0.923498187087765
"54",0.00244579534632167,0.0941268621999758,1.0965726575463,0.893142596762369
"67",0.0029058857292719,0.12200907688327,1.12491496261254,0.864336173702994
"80",0.00348877022420038,0.154051003324421,1.15753977354862,0.837472394965766
"93",0.0041799828627508,0.192662894266345,1.1968428771291,0.813566348672503
