"parameter_values","Bias_sq","Variance","Test","Training"
"1",0.0195964961151937,1.01178203674514,2.03137853286033,0
"3",0.00691269243393225,0.334262773887023,1.34117546632096,0.689510712563099
"5",0.00465522386642247,0.200560361812305,1.20521558567873,0.82850316284863
"7",0.00420268156194034,0.145012388402939,1.14921506996488,0.885200503029654
"9",0.00406831381251322,0.113154391546732,1.11722270535924,0.912425621723598
"11",0.00442190055979675,0.0912831650609937,1.09570506562079,0.931895631312589
"13",0.00485368797623903,0.0768851411575498,1.08173882913379,0.948002998098216
"15",0.00534913008142087,0.0671539018397927,1.07250303192121,0.958765133847067
