"parameter_values","Bias_sq","Variance","Test","Training"
"2",137.696099011087,0.451089837094397,163.147188848182,118.963016534254
"15",0.12350120704993,3.62228812152475,28.7457893285747,20.1743158118578
"28",0.18556437223225,7.15818765107656,32.3437520233088,16.418375468956
"41",0.255916757784128,12.0408876922947,37.2968044500788,12.9783187487436
"54",0.338804314902186,20.666385956119,46.0051902710212,10.201825491761
"67",0.754622951204186,59.0052136604272,84.7598366116314,8.87201391720319
"80",0.754622951204187,59.0052136604272,84.7598366116314,8.87201391720319
"93",0.754622951204186,59.0052136604272,84.7598366116314,8.87201391720319
