"parameter_values","Bias_sq","Variance","Test","Training"
"1",2.00195620519652,25.0249554904377,52.0269116956342,0
"3",2.95335120704566,8.65954050956108,36.6128917166067,17.4960350202696
"5",9.17919458487383,5.32959759663021,39.508792181504,24.1531405044335
"7",16.6919415050576,3.79356188659315,45.4855033916508,30.3553451510157
"9",24.5611598661047,3.01349677563046,52.5746566417351,36.5866031612763
"11",33.5176795358527,2.48745761590187,61.0051371517546,41.2311984554308
"13",43.2341351941177,2.14320417975517,70.3773393738728,47.4759666779558
"15",54.9842032449271,1.86539902476264,81.8496022696897,54.4513724564563
