"parameter_values","Bias_sq","Variance","Test","Training"
"1",1.60073244074124,5.76733491721684e-05,1.61079011409041,1.4194424104296
"2",1.60524942764535,0.000106952966374984,1.61535638061173,1.41891761509867
"3",1.58100915182462,0.000152876913045415,1.59116202873767,1.40502944225732
"4",0.575890269517567,0.000194894550738341,0.586085164068306,0.503991400723603
"5",0.108775948606379,0.000234813986079322,0.119010762592458,0.11068218056628
"6",0.0458333184592509,0.000265725649022751,0.0560990441082737,0.0514356295513999
"7",0.00157633455218353,0.000301260047639199,0.0118775945998227,0.0111408706671021
"8",0.00092052010075373,0.000333541634004412,0.0112540617347581,0.0105655811556327
