"parameter_values","Bias_sq","Variance","Test","Training"
"2",1.59970714372715,5.76802597569084e-05,1.60976482398691,1.41831130838381
"15",0.00073523162826547,0.000411375843660409,0.0111466074719259,0.0099946447468182
"28",4.5871060157173e-05,0.000746050683622968,0.0107919217437801,0.00902472893502293
"41",3.41727289583143e-05,0.0011450282026753,0.0111792009316336,0.00849309478497737
"54",3.75731264592727e-05,0.00159951287439533,0.0116370860008546,0.0080025536147882
"67",4.53167601091048e-05,0.0021339042861826,0.0121792210462917,0.00754332914833389
"80",5.80300295072691e-05,0.00281510736098641,0.0128731373904937,0.00713640998293105
"93",7.6167404096802e-05,0.00369538426012162,0.0137715516642184,0.00681922226526306
