"parameter_values","Bias_sq","Variance","Test","Training"
"1",0.00218538223761399,0.0101210261157619,0.0223064083533759,0
"3",0.0025593075440275,0.00330785691569678,0.0158671644597243,0.0077360248470386
"5",0.00376376401365601,0.00200061616924118,0.0157643801828972,0.00987685215032121
"7",0.00669484909823556,0.00142418850973699,0.0181190376079725,0.0123605689779405
"9",0.0116579484548436,0.00109837667980628,0.0227563251346499,0.0164238321758185
"11",0.0185923499425739,0.00090157269978899,0.0294939226423629,0.0219851539627299
"13",0.028856613501733,0.000756182462403642,0.0396127959641366,0.0287257304375452
"15",0.0437500546787519,0.000657527084478456,0.0544075817632303,0.0392022563641038
