"parameter_values","Bias_sq","Variance","Test","Training"
"-4",0.856970542709676,0.000181242444283797,0.86715178515396,0.763409187239572
"-3",1.33300444053495,0.000149857906725031,1.34315429844167,1.17428509943548
"-2",1.5540505733283,0.000116612377465516,1.56416718570577,1.37169608055591
"-1",1.58751308990291,8.53847433942323e-05,1.59759847464631,1.41576186533585
"0",1.58339327749421,5.39611419304309e-05,1.59344723863614,1.43199667889519
"1",1.59859035585705,3.07304262050717e-05,1.60862108628326,1.47279065726389
"2",1.63522294176915,2.54279735680437e-05,1.64524836974272,1.52080612996514
"3",1.64295612084422,2.52993376720019e-05,1.6529814201819,1.53009619174542
