"parameter_values","Bias_sq","Variance","Test","Training"
"2",0.440682463790809,0.0329869108408056,0.483669374631614,0.419709330788013
"4",0.0472677967833772,0.022107240922124,0.0793750377055012,0.0685727550992729
"6",0.00528454009241799,0.00935327715504388,0.0246378172474619,0.0124668194540339
"8",0.00212648970703903,0.00790468756785851,0.0200311772748975,0.00413720905666994
"10",0.00198671947130065,0.00878805272941312,0.0207747722007138,0.00228377214788632
"12",0.0019970736043788,0.00952245065843693,0.0215195242628157,0.00153334366440911
"14",0.00200556058125834,0.00976440332618723,0.0217699639074456,0.00127754619852855
"16",0.00200982528099307,0.00981893982205882,0.0218287651030519,0.00122352478356525
