"parameter_values","Bias_sq","Variance","Test","Training"
"1",0.0066442385015522,0.253025652894049,0.509669891395601,0
"3",0.00420346664196227,0.0826964228924194,0.336899889534382,0.17415286625984
"5",0.00462854123218426,0.0500154042310274,0.304643945463212,0.206471245068203
"7",0.00783965578937197,0.035604712743427,0.293444368532799,0.222324923766604
"9",0.012944989738645,0.0274594169951593,0.290404406733804,0.233891959546912
"11",0.0200530118743853,0.0225393174947213,0.292592329369107,0.244244875213713
"13",0.0301954807232752,0.0189045615600934,0.299100042283369,0.253721842689411
"15",0.0448566882026407,0.0164381771119636,0.311294865314604,0.265271200327183
