"parameter_values","Bias_sq","Variance","Test","Training"
"-4",0.849945272682088,0.00454239855970187,1.10448767124179,0.990304501158139
"-3",1.32123560376697,0.00376277217120495,1.57499837593818,1.39523590327695
"-2",1.5543718418625,0.00294364423272125,1.80731548609522,1.60166489597443
"-1",1.58933514525572,0.0021612905280823,1.8414964357838,1.64773091116749
"0",1.58419881548958,0.00136893968217626,1.83556775517175,1.66567641712645
"1",1.59745350218031,0.000780163026140726,1.84823366520645,1.70666674538856
"2",1.63500261734557,0.000636179181724993,1.8856387965273,1.75716829031767
"3",1.64330002822743,0.000632492622152643,1.89393252084958,1.76730366335236
