"parameter_values","Bias_sq","Variance","Test","Training"
"-4",0.0192217632269405,0.000226204183377741,0.0294479674103183,0.0269775191527725
"-3",0.0262115413122202,0.000195953528488219,0.0364074948407084,0.0326601271277207
"-2",0.0458128606772819,0.000156672965345145,0.0559695336426271,0.0507914380705835
"-1",0.188219843470261,0.000107538823770738,0.198327382294032,0.183847685767969
"0",0.51755658106828,6.35783539950372e-05,0.527620159422275,0.501483715634247
"1",0.882818806638476,3.51598810249695e-05,0.892853966519501,0.922644240909582
"2",1.2888855310631,2.56080343195652e-05,1.29891113909742,1.32642846007056
"3",1.36625119094788,2.53056497094905e-05,1.37627649659759,1.40061088507073
