"parameter_values","Bias_sq","Variance","Test","Training"
"1",0.00051984069414133,0.0101210261157621,0.0206408668099034,0
"3",0.000399949403290932,0.00330785691569685,0.0137078063189878,0.00703302930694426
"5",0.000501666030319855,0.00200061616924104,0.0125022821995609,0.00839261554010475
"7",0.000735364451884485,0.00142418850973693,0.0121595529616214,0.00914140562224094
"9",0.00109989705148986,0.00109837667980651,0.0121982737312964,0.00974310744092751
"11",0.00162476570514212,0.000901572699788892,0.012526338404931,0.0103283877843477
"13",0.00230710484594012,0.000756182462403915,0.013063287308344,0.0107778951235358
"15",0.00326991865530605,0.000657527084478369,0.0139274457397844,0.0115532482077981
