"parameter_values","Bias_sq","Variance","Test","Training"
"1",0.726224309510809,5.76733491721229e-05,0.736281982859981,0.655690043041964
"2",0.377220454235526,0.000106952966374914,0.387327407201901,0.333220273696831
"3",0.0422746977693639,0.000152876913045388,0.0524275746824093,0.0481823360101949
"4",0.0324839113942669,0.000194894550738283,0.0426788059450052,0.037225215150973
"5",0.0185557480858427,0.000234813986079186,0.0287905620719219,0.0264991546565384
"6",0.00762744253964674,0.00026572564902276,0.0178931681886695,0.0165538025565699
"7",0.00765592785608747,0.000301260047638514,0.017957187903726,0.0165071252732299
"8",0.00418478339558264,0.000333541634004771,0.0145183250295874,0.0133931417633821
