"parameter_values","Bias_sq","Variance","Test","Training"
"2",0.136363141149152,0.0129924720535615,0.159355613202713,0.165613838275575
"4",0.0123428678331735,0.00915494918795229,0.0314978170211258,0.0272183847528959
"6",0.00131219437213667,0.00529992392744611,0.0166121182995828,0.0083565921890527
"8",0.000408150255434903,0.0059577038796446,0.0163658541350795,0.00485492455352733
"10",0.000398292638929823,0.00728344843260978,0.0176817410715396,0.00316053248303946
"12",0.000422417352925924,0.00821170548570432,0.0186341228386302,0.0021422507547033
"14",0.000427618044900923,0.00876545914208335,0.0191930771869843,0.00151379728518234
"16",0.000430769765107713,0.00905216701872431,0.019482936783832,0.00118918145078127
