"parameter_values","Bias_sq","Variance","Test","Training"
"2",1.64888417343836,0.00451089837094414,1.9033950718093,1.70666721775042
"15",0.0016613118870106,0.0362228812152475,0.287884193102258,0.201928643314543
"28",0.00184432323622857,0.0715818765107659,0.323426199746994,0.164183753789994
"41",0.00257090624305002,0.120408876922947,0.372979783165997,0.12978023305141
"54",0.00340300854702977,0.20666385956119,0.46006686810822,0.102017844847923
"67",0.00757964542053822,0.590052136604272,0.847631782024811,0.0887201083363588
"80",0.00757964542053822,0.590052136604272,0.84763178202481,0.0887201083363588
"93",0.00757964542053822,0.590052136604272,0.847631782024811,0.0887201083363588
