"parameter_values","Bias_sq","Variance","Test","Training"
"2",0.354158455068072,0.169786396544386,0.773944851612459,0.570939172363245
"4",0.0383407214632755,0.121298552453419,0.409639273916694,0.193051859137491
"6",0.0205822768277777,0.176937144988527,0.447519421816305,0.087200404753559
"8",0.0223409806276944,0.220790948002258,0.493131928629952,0.0388499372978442
"10",0.0235049380157133,0.229583974277894,0.503088912293607,0.0253751891799804
"12",0.0232340358488729,0.231632147815569,0.504866183664442,0.0235694629757953
"14",0.023264873478872,0.231686695390115,0.504951568868987,0.0233757764355116
"16",0.0232664276933002,0.23167118100577,0.504937608699071,0.0233638299878029
