"parameter_values","Bias_sq","Variance","Test","Training"
"1",1.64904803650755,0.00451088642420088,1.90355892293175,1.70686697501928
"2",1.65375457657736,0.00836751377712401,1.91212209035449,1.70337065591486
"3",1.63965796901284,0.0121814375836242,1.90183940659647,1.62411646996862
"4",0.591936504145618,0.0156309554311949,0.857567459576812,0.660574826154271
"5",0.116181962564508,0.0191384532400819,0.38532041580459,0.330395149786604
"6",0.0511818061129188,0.0231058624769895,0.324287668589908,0.272768265445825
"7",0.00257867781734192,0.0268460587067116,0.279424736524054,0.227519077818698
"8",0.00182203429045403,0.0296194339965585,0.281441468287012,0.22512322210536
