"parameter_values","Bias_sq","Variance","Test","Training"
"-4",0.843547157897777,0.0145069850826767,1.10805414298045,0.905437567993494
"-3",1.33201236648715,0.0113229940651801,1.59333536055233,1.39075706329586
"-2",1.61016265861571,0.00912689441423146,1.86928955302995,1.65481506204028
"-1",1.63936279034465,0.00672947199478962,1.89609226233944,1.69847965980134
"0",1.61992995749449,0.00407861670476618,1.87400857419926,1.72635061776305
"1",1.62139521997529,0.00216052638697241,1.87355574636227,1.78982448532142
"2",1.66356336708952,0.00163579661636504,1.91519916370589,1.86695281725315
"3",1.67382578570594,0.00161843432292485,1.92544422002886,1.88270991164735
