"parameter_values","Bias_sq","Variance","Test","Training"
"1",137.188566477835,1.80435456968033,238.992921047516,189.004528736712
"2",97.9713934823142,3.34700551084963,201.318398993164,168.71138925548
"3",0.311695575594164,4.87257503344964,105.184270609044,95.755256491614
"4",0.355985133975485,6.25238217247805,106.608367306454,94.4695609152181
"5",0.361835105800502,7.65538129603342,108.017216401834,93.379317548617
"6",0.363854449983968,9.24234499079683,109.606199440781,92.0506858848567
"7",0.356667729206766,10.7384234826863,111.095091211893,90.7681703695731
"8",0.360587060943227,11.8477735986304,112.208360659574,89.9898327934598
