"parameter_values","Bias_sq","Variance","Test","Training"
"2",137.058325287553,1.8043593483778,238.862684635931,188.914920240983
"15",0.43232045705921,14.489152486099,114.921472943158,80.6631591390718
"28",0.736932568905765,28.6327506043063,129.369683173212,65.6731020816157
"41",1.02297243204297,48.1635507691789,149.186523201222,51.9129950067434
"54",1.35600088755759,82.6655438244762,184.021544712034,40.8072591933823
"67",3.02127191912914,236.020854641709,339.042126560838,35.4880556688127
"80",3.02127191912914,236.020854641709,339.042126560838,35.4880556688127
"93",3.02127191912914,236.020854641709,339.042126560838,35.4880556688127
