"parameter_values","Bias_sq","Variance","Test","Training"
"2",17.4225729083752,51.0493852438924,168.471958152268,122.872516016795
"4",2.0360208035914,34.7575897762867,136.793610579878,68.166349068372
"6",2.8690775477187,58.6092243985647,161.478301946283,42.4252477784122
"8",3.12721846650207,74.2185135702104,177.345732036712,25.5983743302342
"10",3.15726727464467,83.887711213509,187.044978488154,16.2839113489099
"12",3.16984839937387,87.5729395200839,190.742787919458,12.5174908647222
"14",3.16356609077487,89.2612971957391,192.424863286514,10.755448242461
"16",3.11840898690362,90.0503633941474,193.168772381051,10.1099533134809
