"parameter_values","Bias_sq","Variance","Test","Training"
"1",137.464864807456,0.57673349172168,238.041598299177,202.608383655822
"2",96.0508847839646,1.06952966374978,197.120414447714,175.75513294009
"3",0.0628177815329983,1.52876913045409,101.591586911987,100.096624888885
"4",0.0792331571322685,1.9489455073832,102.028178664515,99.7551836016324
"5",0.0881637592363874,2.34813986079218,102.436303620029,99.4413246447136
"6",0.0966556025588215,2.65725649022747,102.753912092786,99.129438610504
"7",0.0970796585275859,3.01260047638444,103.109680134912,98.8182933774458
"8",0.0996775725025454,3.33541634004703,103.43509391255,98.5583630995182
