"parameter_values","Bias_sq","Variance","Test","Training"
"-4",0.107387803704747,2.33195762065926,102.439345424364,99.4448544828789
"-3",0.110057220073377,2.32673487816621,102.43679209824,99.445733882729
"-2",0.139864646779205,2.27889449189758,102.418759138677,99.459716868651
"-1",0.486284239884887,2.00901750485619,102.495301744741,99.7568097315536
"0",1.70790202216844,1.55724455987092,103.265146582039,101.135979507868
"1",14.2260394081574,1.06428486957643,115.290324277734,111.944913529858
"2",226.098497499901,0.467075536455839,326.565573036357,278.622600591448
"3",520.171099361274,0.259640453393632,620.430739814667,511.750340232312
