"parameter_values","Bias_sq","Variance","Test","Training"
"2",136.403938875409,0.576802597568815,236.980741472978,201.799214565076
"15",0.141272842171236,4.11375843660464,104.255031278776,95.5219971683034
"28",0.23291479319118,7.46050683622961,107.693421629421,90.1566649372144
"41",0.30723000265596,11.4502820267529,111.757512029409,84.9211752684241
"54",0.364649205168085,15.9951287439537,116.359777949122,80.0245344199895
"67",0.445508999758357,21.3390428618257,121.784551861584,75.4340276275757
"80",0.571957471024585,28.1510736098642,128.723031080889,71.3646189278973
"93",0.753937142628256,36.9538426012163,137.707779743845,68.1923381846898
