"parameter_values","Bias_sq","Variance","Test","Training"
"2",25.7453516880253,30.145188937326,155.890540625351,135.414062039077
"4",0.518606113916314,16.4569818900423,116.975588003959,86.3748328419516
"6",0.958712314178673,36.5567695662244,137.515481880403,65.6012472103556
"8",1.27996161992511,53.0716556784692,154.351617298394,47.6430094711453
"10",1.5720203191928,66.8627953707682,168.434815689961,33.5921928592672
"12",1.75589892800483,76.4980464353497,178.253945363355,24.0143824426038
"14",1.8645624894534,83.7203600467893,185.584922536243,17.0961853439768
"16",1.86491196741468,88.0805566490142,189.945468616429,12.7596651627465
