"parameter_values","Bias_sq","Variance","Test","Training"
"1",2.1097538685801,101.210261157619,203.3200150262,0
"3",1.02869490616449,33.078569156968,134.107264063132,69.3757227259523
"5",1.04334278572351,20.006161692411,121.049504478135,82.1783600463307
"7",1.47739991568807,14.2418850973709,115.719285013059,87.8135002919091
"9",2.16134732059638,10.9837667980638,113.14511411866,91.3469596906138
"11",3.15467721042383,9.01572699788844,112.170404208312,93.968598256574
"13",4.81173166531698,7.56182462403724,112.373556289354,96.2130961929944
"15",6.55454493709135,6.57527084478541,113.129815781877,98.0565467028693
