"parameter_values","Bias_sq","Variance","Test","Training"
"2",36.8082275871379,16.7044776489836,78.5127052361215,72.8047461814192
"4",0.597198086787814,5.67958784369382,31.2767859304816,24.2564025391807
"6",0.204017968127287,7.64806518345906,32.8520831515863,18.343317678426
"8",0.329657100634647,11.7333562815612,37.0630133821958,13.478282234193
"10",0.405705068482004,15.3399817346525,40.7456868031345,9.76406778461376
"12",0.453562030303407,17.7873808535582,43.2409428838616,7.20966780287131
"14",0.492448726438465,19.629729119473,45.1221778459114,5.4046892601283
"16",0.493401394807227,21.0556930728112,46.5490944676185,4.14594400522375
