"parameter_values","Bias_sq","Variance","Test","Training"
"2",132.724530905671,0.0749417486320241,157.799472654303,153.867229472589
"15",0.0191101590476225,0.597292957736172,25.6164031167838,24.7433836887529
"28",0.0346252613079877,1.12941680924433,26.1640420705523,23.8988531525423
"41",0.0493656666952074,1.71463738693886,26.7640030536341,23.0865192227
"54",0.0604242494010377,2.35317155499944,27.4135958044005,22.3276870245502
"67",0.072521249881559,3.05022692208176,28.1227481719633,21.6077986254927
"80",0.0872753867304915,3.85127508311053,28.938550469841,20.9364627865354
"93",0.104389317458004,4.81657235665861,29.9209616741166,20.338966407712
