"parameter_values","Bias_sq","Variance","Test","Training"
"-4",0.026866262706407,0.319291048660007,25.3461573113664,25.3461170431087
"-3",0.0293779864673659,0.318238974953225,25.3476169614206,25.3471896669319
"-2",0.0590024683186002,0.308839246518639,25.3678417148372,25.3634040486516
"-1",0.43664342606509,0.259411097440832,25.6960545235059,25.6775850996541
"0",1.69377971738406,0.195182390870741,26.8889621082548,27.05917689392
"1",12.8172240552568,0.129197737600353,37.9464217928571,37.7825294180963
"2",208.744500804441,0.0656273874444186,233.810128191885,226.299168106515
"3",514.225350069153,0.0421972345424665,539.267547303695,521.081197801614
