"parameter_values","Bias_sq","Variance","Test","Training"
"1",0.556362144284527,25.2945509186284,50.850913062913,0
"3",0.254009330159737,8.35656934717553,33.6105786773353,17.2623981875621
"5",0.248381440576533,5.01400904530754,30.2623904858841,20.7603961700362
"7",0.280308986163371,3.6253097100735,28.9056186962369,22.2397696491005
"9",0.37172355502428,2.82885978866824,28.2005833436925,22.9824485782876
"11",0.488119901970401,2.28207912652476,27.7701990284952,23.5452262530671
"13",0.642976374020364,1.92212852893873,27.5651049029591,24.0853485659464
"15",0.868341201696074,1.67884754599498,27.5471887476911,24.4939516137905
