"parameter_values","Bias_sq","Variance","Test","Training"
"1",134.239755700055,0.0749411577861842,159.314696857841,155.363565517568
"2",94.0820660695809,0.135153398939959,119.217219468521,109.038996073841
"3",0.0032341988389151,0.203007317539071,25.206241516378,25.4544005659918
"4",0.00343374066983281,0.252187672776355,25.2556214134462,25.4102850235364
"5",0.0100628055204409,0.319497583988444,25.3295603895089,25.3418702129895
"6",0.011899415040149,0.367151196840269,25.3790506118804,25.3000888001133
"7",0.0124971170568202,0.42368624355948,25.4361833606163,25.2534006940491
"8",0.0133335300696956,0.481974272772535,25.4953078028422,25.2114767103236
