"parameter_values","Bias_sq","Variance","Test","Training"
"2",1.64180002235524,0.00018043593483773,1.65198045829007,1.47921092408712
"15",0.000527272751931862,0.00144891524860987,0.0119761880005417,0.00839639732868275
"28",8.60909260446396e-05,0.00286327506043066,0.0129493659864753,0.00657028072597386
"41",0.000107201708715351,0.00481635507691794,0.0149235567856333,0.00519116413835705
"54",0.000138146630792305,0.00826655438244763,0.0184047010132399,0.00408069321465847
"67",0.000306365430101144,0.0236020854641708,0.033908450894272,0.00354880097568863
"80",0.000306365430101144,0.0236020854641708,0.033908450894272,0.00354880097568863
"93",0.000306365430101144,0.0236020854641708,0.033908450894272,0.00354880097568863
