"parameter_values","Bias_sq","Variance","Test","Training"
"1",0.019511231901722,0.0100099821961752,0.0395212140978972,0
"3",0.0193460830654284,0.00346381620382464,0.032809899269253,0.0133948933615132
"5",0.0454484594484039,0.00213183903865216,0.0575802984870561,0.0512317336751414
"7",0.120265888501698,0.00151742475463737,0.131783313256335,0.11510991409734
"9",0.214138377455203,0.00120539871025219,0.225343776165455,0.188820946153142
"11",0.315010735641598,0.000994983046360864,0.326005718687959,0.264569610769447
"13",0.419752703768637,0.000857281671902007,0.430609985440539,0.342444113770735
"15",0.528846125668192,0.00074615960990515,0.539592285278097,0.424599489394534
