"parameter_values","Bias_sq","Variance","Test","Training"
"2",0.458128970516361,0.0339603904098742,0.502089360926235,0.394360202937378
"4",0.0688121905305916,0.0204175628844223,0.0992297534150139,0.0514468873285491
"6",0.0294507538571435,0.0106335826485571,0.0500843365057005,0.00987654722617586
"8",0.0262781570143434,0.00940730072149309,0.0456854577358365,0.00348438606228933
"10",0.0261896463507546,0.00957551572251543,0.04576516207327,0.00264876618988227
"12",0.0261911011291357,0.0096411906544932,0.0458322917836289,0.00258554836991926
"14",0.0261911011291357,0.0096411906544932,0.0458322917836289,0.00258554836991926
"16",0.0261911011291357,0.0096411906544932,0.0458322917836289,0.00258554836991926
