"parameter_values","Bias_sq","Variance","Test","Training"
"-4",0.844241440623502,0.000578725446120781,0.854820166069623,0.692561642453478
"-3",1.33666103152309,0.000451537997983175,1.34711256952107,1.18465442744769
"-2",1.60164327815114,0.000362579763659124,1.6120058579148,1.43577241217585
"-1",1.63091778139552,0.000266024744401425,1.64118380613993,1.47553730185452
"0",1.61535708084669,0.000160646394521465,1.62551772724121,1.49810021357263
"1",1.6201764817633,8.47446031587283e-05,1.63026122636646,1.55767519628193
"2",1.66136922498836,6.53503320063232e-05,1.67143457532037,1.62855792774096
"3",1.67085633848989,6.4734810414733e-05,1.68092107330031,1.64254024498689
