"parameter_values","Bias_sq","Variance","Test","Training"
"1",0.00503629487228363,0.252945509186285,0.507981804058568,0
"3",0.00186865020869679,0.0835656934717555,0.335434343680452,0.172397362808344
"5",0.00133423129051212,0.0501400904530764,0.301474321743589,0.207222685186132
"7",0.0014225333122628,0.0362530971007348,0.287675630412998,0.221427708974121
"9",0.00173614211997647,0.0282885978866831,0.28002474000666,0.228374104850531
"11",0.00222054478732835,0.0228207912652484,0.275041336052577,0.233372502030783
"13",0.0027734830977935,0.0192212852893878,0.271994768387181,0.237577668755649
"15",0.00336115193922449,0.0167884754599481,0.270149627399173,0.240451553756383
