"parameter_values","Bias_sq","Variance","Test","Training"
"2",0.12155494175661,0.0349472748187787,0.406502216575389,0.383995164660514
"4",0.00688776404289834,0.0374181700218617,0.29430593406476,0.238403267841857
"6",0.00165891626122888,0.0718237100844908,0.32348262634572,0.191105993765618
"8",0.00259354682731476,0.116792778480809,0.369386325308123,0.145111097956397
"10",0.00332664986960285,0.155694408703772,0.409021058573375,0.104486797082416
"12",0.00391560696795942,0.18603056819818,0.43994617516614,0.073522546180676
"14",0.0042107028811221,0.205253914814004,0.459464617695127,0.0511771727765411
"16",0.00427947494321335,0.218732416376931,0.473011891320145,0.0375634133856797
