"parameter_values","Bias_sq","Variance","Test","Training"
"1",0.726413603208897,0.000749411577862086,0.977163014786759,0.875505032260217
"2",0.37107445573693,0.00135153398939971,0.62242598972633,0.599987157900023
"3",0.0421937760258296,0.00203007317539075,0.29422384920122,0.289939214036504
"4",0.0313057638262529,0.00252187672776331,0.283827640554016,0.28332478696739
"5",0.0191766499089344,0.0031949758398846,0.272371625748819,0.268156257167544
"6",0.00771565234232699,0.00367151196840266,0.26138716431073,0.259168920540931
"7",0.00771414671672304,0.00423686243559489,0.261951009152318,0.258694808596067
"8",0.00451720150653907,0.00481974272772541,0.259336944234264,0.254957487554124
