"parameter_values","Bias_sq","Variance","Test","Training"
"-4",0.0199755058052257,0.022708044315659,1.04268355012088,1.00937971229802
"-3",0.025168239616863,0.0199815514217878,1.04514979103865,1.01533375558633
"-2",0.0428841469951615,0.0161052577728123,1.05898940476797,1.03521372091257
"-1",0.150824050808941,0.0112278724050188,1.16205192321396,1.14523052605264
"0",0.485331133716664,0.00656343092829454,1.49189456464496,1.47484905603452
"1",0.817072509134714,0.00362185666717152,1.82069436580189,1.86975302968598
"2",1.26458700165631,0.00256799225415827,2.26715499391047,2.32226695241289
"3",1.36352335133321,0.00253064509109031,2.3660539964243,2.41785791151491
