"parameter_values","Bias_sq","Variance","Test","Training"
"2",0.0870898829093166,0.103098524580196,1.19018840748951,1.08786982231089
"4",0.00786501212277395,0.172221733795306,1.18008674591808,0.865566408206827
"6",0.00787607336907036,0.362441290616551,1.37031736398562,0.669579472102923
"8",0.0118768912982792,0.554964868141613,1.56684175943989,0.474018491311965
"10",0.0160247892994599,0.706412907529269,1.72243769682873,0.317136987953504
"12",0.0167036340601602,0.802734232504242,1.8194378665644,0.212627553412289
"14",0.0180614812284745,0.864972824969329,1.8830343061978,0.149296563026743
"16",0.0184768978463222,0.895840432795064,1.91431733064139,0.116015135335284
