"parameter_values","Bias_sq","Variance","Test","Training"
"1",0.727955006648352,0.00576733491721695,1.73372234156557,1.6542520195545
"2",0.378411365554801,0.0106952966374981,1.3891066621923,1.34300070216806
"3",0.0427875773504175,0.0152876913045409,1.05807526865496,1.04058565671976
"4",0.0343067355935305,0.0194894550738323,1.05379619066736,1.02470897958369
"5",0.0198907088713419,0.0234813986079217,1.04337210747926,1.00886640517367
"6",0.00823800303772137,0.0265725649022745,1.03481056794,0.996849411336757
"7",0.00829507580524581,0.0301260047638442,1.03842108056909,0.993701801977959
"8",0.00510337097146097,0.0333541634004697,1.03845753437193,0.987713040213423
