"parameter_values","Bias_sq","Variance","Test","Training"
"2",0.11089422044348,0.0447298932783979,0.405624113721878,0.378620207338775
"4",0.00719806606725328,0.0490653265184393,0.306263392585693,0.226022601998853
"6",0.00237759916886485,0.0950687136375993,0.347446312806464,0.166427952250493
"8",0.00288257943525578,0.143984160912051,0.396866740347306,0.115767306356458
"10",0.00381396416362297,0.179599352928754,0.433413317092377,0.0757321176156463
"12",0.00422208110496082,0.20455389271857,0.458775973823531,0.0493463633750089
"14",0.00450552708895318,0.219180796147419,0.473686323236372,0.0346634811766069
"16",0.00453318793356378,0.225591943059045,0.480125130992609,0.027270443814105
