"parameter_values","Bias_sq","Variance","Test","Training"
"1",0.726963575374065,0.00144183372930416,0.978405409103369,0.897720558481968
"2",0.377666884738081,0.00267382415937451,0.630340708897455,0.581069565287647
"3",0.0423770086867662,0.00382192282613528,0.296198931512901,0.289057228770008
"4",0.033135589168564,0.00487236376845825,0.288007952937022,0.276596521028917
"5",0.0189727364720363,0.00587034965198049,0.274843086124017,0.264224172263616
"6",0.0077054915558956,0.00664314122556879,0.264348632781464,0.2539818625712
"7",0.00774583429421379,0.00753150119096116,0.265277335485175,0.25317928372044
"8",0.00439368939541236,0.00833854085011749,0.26273223024553,0.249307481542142
