"parameter_values","Bias_sq","Variance","Test","Training"
"2",0.717848488879715,0.00144200649392226,0.969290495373637,0.889714824538595
"15",0.000871969395187836,0.0102843960915118,0.2611563654867,0.238896838694257
"28",0.000730667680247829,0.0186512670905741,0.269381934770822,0.225422105747353
"41",0.000812807796620333,0.0286257050668822,0.279438512863502,0.212311858952424
"54",0.000925951406433231,0.0399878218598842,0.290913773266317,0.200058330126765
"67",0.00112056036000598,0.0533476071545643,0.30446816751457,0.188578747855477
"80",0.00143572624546823,0.0703776840246606,0.321813410270129,0.178407256202763
"93",0.00188989050640569,0.0923846065030407,0.344274497009446,0.170479649283919
