"parameter_values","Bias_sq","Variance","Test","Training"
"1",0.00521705515750323,0.253025652894049,0.508242708051552,0
"3",0.00205494378951848,0.0826964228924196,0.334751366681938,0.173190633460132
"5",0.00149396382339557,0.0500154042310273,0.301509368054423,0.204963971565634
"7",0.00171535179730747,0.0356047127434271,0.287320064540735,0.218939769105557
"9",0.00204401786799168,0.0274594169951593,0.279503434863151,0.226768519462555
"11",0.00253643175131939,0.0225393174947214,0.275075749246041,0.232306383617281
"13",0.00320864516888836,0.0189045615600934,0.272113206728982,0.236073073009067
"15",0.00414689863719124,0.0164381771119635,0.270585075749155,0.238479207178982
