"parameter_values","Bias_sq","Variance","Test","Training"
"-4",0.0193937849987859,0.00566968492265895,0.275063469921445,0.264716925911081
"-3",0.0258078060968534,0.00493043381307197,0.280738239909925,0.270611504542856
"-2",0.0447841372457613,0.00394946538427439,0.298733602630036,0.289285877903036
"-1",0.175861609064053,0.00271746665082945,0.428579075714882,0.41526239013901
"0",0.50778610814866,0.00160334694445756,0.759389455093118,0.738217961974292
"1",0.862740334172434,0.000887764815163347,1.1136280989876,1.15166816716185
"2",1.28216580317469,0.000640740003708343,1.5328065431784,1.57068934013148
"3",1.36553348774712,0.000632648805178854,1.6161661365523,1.65079549036194
