"parameter_values","Bias_sq","Variance","Test","Training"
"1",1.60323339134167,0.000749411577861975,1.85398280291953,1.48343561932098
"2",1.61032760230551,0.00135153398939971,1.86167913629491,1.48179500147722
"3",1.61168727470371,0.00203007317539062,1.8637173478791,1.48119629252178
"4",0.56271772009672,0.00252187672776326,0.815239596824483,0.784760876268297
"5",0.121573963827452,0.00319497583988476,0.374768939667337,0.345077396396824
"6",0.0478276495464467,0.00367151196840222,0.301499161514849,0.297585855145754
"7",0.0020600288790545,0.00423686243559159,0.256296891314646,0.25350280431868
"8",0.00120288653160323,0.00481974272775002,0.256022629259353,0.252667325363401
