"parameter_values","Bias_sq","Variance","Test","Training"
"2",1.60221611892323,0.000749417486320381,1.85296553640955,1.48228985129141
"15",0.00185457045535008,0.0059729295773616,0.257827500032712,0.247717383759176
"28",0.000464327223776409,0.0112941680924431,0.261758495316219,0.23900041790674
"41",0.00051284234789518,0.0171463738693883,0.267659216217284,0.230868298565821
"54",0.000610060219463338,0.0235317155499939,0.274141775769457,0.223278612443983
"67",0.000728114687496921,0.0305022692208176,0.281230383908314,0.216078965260268
"80",0.000874954598856734,0.0385127508311053,0.289387705429962,0.209365037606062
"93",0.00104731629278575,0.0481657235665863,0.299213039859372,0.203389680098847
