"parameter_values","Bias_sq","Variance","Test","Training"
"2",0.432069448839023,0.0774744476066051,0.759543896445628,0.655154300363271
"4",0.0296367912406079,0.0571770061870235,0.336813797427631,0.268589536575961
"6",0.00362641634382446,0.078070573601788,0.331696989945612,0.184032096640724
"8",0.00367344172759029,0.133479160369978,0.387152602097568,0.120478104000771
"10",0.00463499997383966,0.179496420218453,0.434131420192293,0.0719183532762303
"12",0.00506942427315868,0.208918648165696,0.463988072438855,0.0436160682573809
"14",0.00544370223621982,0.222944095773328,0.478387798009547,0.0300971753420369
"16",0.00543378050127505,0.228601937228001,0.484035717729276,0.0246494697950347
