"parameter_values","Bias_sq","Variance","Test","Training"
"1",0.00614442188799792,0.252945509186285,0.509089931074282,0
"3",0.00326638043126915,0.0835656934717558,0.336832073903025,0.172786041799826
"5",0.00389291507257985,0.0501400904530764,0.304033005525656,0.208057271190596
"7",0.00681505839077307,0.0362530971007348,0.293068155491508,0.223086491153635
"9",0.0126050856246578,0.0282885978866829,0.290893683511341,0.23222651938647
"11",0.0199811133749309,0.0228207912652484,0.292801904640179,0.240189490354664
"13",0.0280784173781046,0.0192212852893874,0.297299702667492,0.247509807269698
"15",0.0369913642203961,0.0167884754599481,0.303779839680344,0.25320181605591
