"parameter_values","Bias_sq","Variance","Test","Training"
"2",1.60068996830856,2.99766994528884e-05,1.61071994500802,1.24435145878764
"15",0.00123007843649874,0.000238917183094365,0.0114689956195931,0.0104114866134229
"28",5.23120576885435e-05,0.000451766723697697,0.0105040787813862,0.00956902963145525
"41",2.6069951906717e-05,0.000685854954775471,0.0107119249066822,0.00923570008871071
"54",2.62159655584104e-05,0.000941268621999802,0.0109674845875582,0.00893140863427828
"67",2.99608703351714e-05,0.00122009076883269,0.0112500516391679,0.00864326196172463
"80",3.55072339763506e-05,0.00154051003324421,0.0115760172672206,0.00837463596869137
"93",4.2392747705547e-05,0.00192662894266346,0.011969021690369,0.00813558556069348
