"parameter_values","Bias_sq","Variance","Test","Training"
"1",1.601708287524,2.99764631144803e-05,1.61173826398711,1.24547834072685
"2",1.60842680650803,5.40613595759885e-05,1.61848086786761,1.24444540054626
"3",1.61071273400568,8.12029270156265e-05,1.6207939369327,1.24438556186387
"4",0.562047442351118,0.000100875069110518,0.572148317420229,0.547024058817886
"5",0.122610813370168,0.00012779903359539,0.132738612403764,0.100812981827444
"6",0.0483401262002267,0.00014686047873612,0.0584869866789628,0.0546067070271708
"7",0.00173753381443422,0.000169474497423499,0.0119070083118577,0.0113001002011653
"8",0.000957414131612061,0.000192789709109944,0.011150203840722,0.0108249617487085
