"parameter_values","Bias_sq","Variance","Test","Training"
"1",0.00144622310584473,0.0101178203674514,0.0215640434732961,0
"3",0.00160911702560006,0.0033426277388702,0.0149517447644703,0.00723210747983683
"5",0.00284602095764225,0.00200560361812304,0.0148516245757653,0.00908883786161203
"7",0.00549030796191054,0.00145012388402943,0.01694043184594,0.0105909994801106
"9",0.0110254559575171,0.00113154391546728,0.0221569998729844,0.0134237721155295
"11",0.0180936839615831,0.000912831650609826,0.0290065156121929,0.0168105159313054
"13",0.0259087032754901,0.000768851411575399,0.0366775546870655,0.0203227886461667
"15",0.0345578713494647,0.000671539018397967,0.0452294103678626,0.0236708510688677
