"parameter_values","Bias_sq","Variance","Test","Training"
"1",1.65842508688573,0.0180435456968036,2.67646863258254,2.43323221816977
"2",1.66716367380736,0.0334700551084961,2.70063372891586,2.41988471711867
"3",1.65612898685377,0.0487257503344969,2.70485473718826,2.32502684617875
"4",0.595749962528005,0.0625238217247804,1.65827378425279,1.36315792362834
"5",0.121236068613519,0.0765538129603328,1.19778988157385,1.02940525598414
"6",0.0566490025825216,0.0924234499079633,1.14907245249048,0.963187775623418
"7",0.00528081135663722,0.107384234826834,1.11266504618347,0.907689765743282
"8",0.0044918753859687,0.118477735986242,1.12296961137221,0.899544666684091
