"parameter_values","Bias_sq","Variance","Test","Training"
"1",0.036470780952284,1.00099821961751,2.03746900056979,0
"3",0.0247304230559765,0.346381620382443,1.37111204343842,0.660955031372551
"5",0.0552914252238232,0.213183903865205,1.26847532908903,0.823234496462073
"7",0.135619369000925,0.151742475463724,1.28736184446465,0.953144780723931
"9",0.230581981471957,0.120539871025216,1.35112185249717,1.05934627490663
"11",0.342711933578283,0.0994983046360778,1.44221023821436,1.15246013547117
"13",0.451690271424778,0.0857281671902067,1.53741843861498,1.24108799280935
"15",0.566145101839853,0.0746159609905099,1.64076106283036,1.33020708375139
