"parameter_values","Bias_sq","Variance","Test","Training"
"-4",0.838748827841424,0.0582121211479535,1.89696094898938,1.59127764395576
"-3",1.30748692177303,0.0456784783118468,2.35316540008487,2.05800232708593
"-2",1.61812695468506,0.0371535867859079,2.65528054147097,2.3568127228921
"-1",1.6518893797948,0.0277530716053277,2.67964245140013,2.41151204625468
"0",1.62689555123514,0.0168587426980805,2.64375429393322,2.44930295430369
"1",1.62187466123787,0.00903819685599553,2.63091285809387,2.51935360722717
"2",1.66536769261077,0.00656394840283032,2.6719316410136,2.60981436630349
"3",1.67751150705123,0.0064743029383559,2.68398580998958,2.63008434324114
