"parameter_values","Bias_sq","Variance","Test","Training"
"1",0.725978473775277,2.99764631144755e-05,0.736008450238391,0.628330624757705
"2",0.370635462014555,5.40613595759218e-05,0.380689523374131,0.351770441265269
"3",0.0423152365527052,8.12029270156881e-05,0.0523964394797209,0.0449824083661853
"4",0.0314162336642006,0.000100875069110542,0.0415171087333111,0.0389168193978745
"5",0.0189167446613491,0.00012779903359541,0.0290445436949445,0.02562690990365
"6",0.00774024284816865,0.000146860478736191,0.0178871033269048,0.0166481460699409
"7",0.00775602513028801,0.000169474497423733,0.0179254996277117,0.0166161581048594
"8",0.00430136402123058,0.000192789709109069,0.0144941537303396,0.0133910370541132
