"parameter_values","Bias_sq","Variance","Test","Training"
"2",0.715904615952824,2.99766994528666e-05,0.725934592652277,0.619770042861918
"15",0.000573858370273101,0.000238917183094635,0.0108127755533677,0.0102267770816271
"28",0.000106179490752908,0.000451766723697647,0.0105579462144506,0.00960648711451647
"41",4.77285971975098e-05,0.000685854954775597,0.0107335835519731,0.00925122186366024
"54",3.53253736283868e-05,0.000941268621999734,0.0109765939956281,0.00893994757088715
"67",3.30732197284268e-05,0.00122009076883269,0.0112531639885611,0.00864818733725441
"80",3.61491357083471e-05,0.00154051003324425,0.0115766591689526,0.00837736286242613
"93",4.27924034863505e-05,0.00192662894266338,0.0119694213461497,0.00813717613705494
