"parameter_values","Bias_sq","Variance","Test","Training"
"2",0.141873489312237,0.0123964986559066,0.164269987968143,0.157406595954254
"4",0.0119842184105768,0.00806678995964034,0.0300510083702172,0.0250339734373061
"6",0.00110987897755704,0.00429662492761961,0.0154065039051767,0.00875310539227188
"8",0.000283819127751932,0.00515163131940062,0.0154354504471526,0.00564463578800656
"10",0.000265582760102491,0.00666329006728101,0.0169288728273835,0.00392372693916914
"12",0.000292567404184555,0.00765253771664171,0.0179451051208263,0.00284021336006022
"14",0.000302124681311997,0.00834746028705597,0.018649584968368,0.00203553204207916
"16",0.000306096369788282,0.00883351124534968,0.019139607615138,0.00149441906518538
