"parameter_values","Bias_sq","Variance","Test","Training"
"-4",0.0190635077000089,0.000119611354224274,0.0291831190542332,0.0264066549923689
"-3",0.0263998248826361,9.85796804192801e-05,0.0364984045630554,0.0338221896294951
"-2",0.0487128324961696,7.82570359106373e-05,0.0587910895320803,0.0554948010487576
"-1",0.216794235322435,5.34089776880761e-05,0.226847644300123,0.201399489054437
"0",0.534705016109255,3.29117859843223e-05,0.544737927895239,0.509452463028346
"1",0.914281296136907,2.05476343541762e-05,0.924301843771262,0.928290792482547
"2",1.29546145188847,1.6655429304636e-05,1.30547810731778,1.33519658667487
"3",1.36642383003536,1.65504528624772e-05,1.37644038048822,1.41026591549764
