"parameter_values","Bias_sq","Variance","Test","Training"
"1",0.000350225456345669,0.0101178203674515,0.0204680458237971,0
"3",0.000244558299513206,0.00334262773887007,0.0135871860383833,0.00693839105017544
"5",0.000286114181960981,0.00200560361812343,0.0122917178000844,0.00838350092128629
"7",0.000499569461579051,0.00145012388402919,0.0119496933456082,0.00902564156417032
"9",0.000875894732302073,0.00113154391546732,0.0120074386477694,0.00948256681171993
"11",0.00134138347398141,0.00091283165060984,0.0122542151245913,0.00986041167131072
"13",0.00186680574205576,0.00076885141157551,0.0126356571536313,0.0102596836544571
"15",0.0024503885347643,0.000671539018397927,0.0131219275531622,0.0106063920498419
