"parameter_values","Bias_sq","Variance","Test","Training"
"-4",0.033566930415215,0.586985511792098,25.6205524422073,24.8634334552199
"-3",0.0356226798935767,0.585553135029044,25.6211758149226,24.8643730938741
"-2",0.0611064729192339,0.572209824748831,25.6333162976681,24.8793885261259
"-1",0.43434261150686,0.50110802712715,25.935450638634,25.1926904715474
"0",1.69438574026858,0.385862207155862,27.0802479474244,26.4944795650913
"1",15.6784793876217,0.264653077685092,40.9431324653068,38.275705046492
"2",238.486706580031,0.115158038215487,263.601864618246,213.102372873386
"3",524.469052157841,0.0647931167497694,549.533845274591,439.255841565369
