"parameter_values","Bias_sq","Variance","Test","Training"
"1",137.692122601724,0.144183372930424,162.836305974655,128.993458540787
"2",96.136836815073,0.267382415937437,121.40421923101,101.660075918615
"3",0.0157044453832496,0.382192282613535,25.3978967279968,25.0241562222212
"4",0.0198082892830671,0.48723637684582,25.5070446661289,24.9387959004081
"5",0.0220409398090969,0.587034965198067,25.6090759050072,24.8603311611784
"6",0.0241639006397054,0.664314122556869,25.6884780231966,24.782359652626
"7",0.0242699146318965,0.753150119096098,25.777420033728,24.7045733443614
"8",0.0249193931256365,0.833854085011752,25.8587734781374,24.6395907748795
