"parameter_values","Bias_sq","Variance","Test","Training"
"1",0.65511878994427,25.3025652894049,50.9576840793492,0
"3",0.455691440980099,8.26964228924198,33.7253337302221,17.4382651858988
"5",0.670131192199223,5.00154042310266,30.6716716153019,20.751775447448
"7",1.15713263292709,3.56047127434264,29.7176039072697,22.3355575179525
"9",1.88176058107882,2.74594169951589,29.6277022805947,23.5667293817301
"11",2.9378060274918,2.25393174947212,30.1917377769639,24.608514591579
"13",4.57201741671948,1.89045615600924,31.4624735727287,25.783513585208
"15",6.27365910496584,1.64381771119622,32.9174768161621,26.9879027073261
