"parameter_values","Bias_sq","Variance","Test","Training"
"2",136.617345454042,0.144200649392233,161.761546103435,128.171677434778
"15",0.0522919917623846,1.02843960915117,26.0807316009136,23.8915281983387
"28",0.0589132080348172,1.86512670905741,26.9240399170922,22.539253175929
"41",0.0770282041704664,2.86257050668824,27.9395987108587,21.230266488658
"54",0.0912541172790653,3.99878218598844,29.0900363032675,20.0061525554296
"67",0.111357215652465,5.33476071545643,30.4461179311089,18.8585395351881
"80",0.142868714501969,7.03776840246605,32.180637116968,17.8411715552735
"93",0.188340408683886,9.23846065030403,34.4268010589879,17.048087341487
