"parameter_values","Bias_sq","Variance","Test","Training"
"2",132.780832663048,0.00299766994527644,133.783830332993,129.964226825069
"15",0.0171627310220616,0.0238917183094603,1.04105444933152,1.00324774739216
"28",0.00181069660064438,0.0451766723697609,1.04698736897041,0.956328186754942
"41",0.00210449500397093,0.0685854954775194,1.07068999048149,0.92349058819167
"54",0.0024708889760772,0.0941268621999838,1.09659775117606,0.893104089069696
"67",0.00292437045930038,0.122009076883273,1.12493344734257,0.864306382181086
"80",0.00350006478530401,0.154051003324426,1.15755106810973,0.837455423772744
"93",0.00416694523013465,0.192662894266364,1.1968298394965,0.813558257709618
