"parameter_values","Bias_sq","Variance","Test","Training"
"2",44.4299740615247,7.13699008308538,52.5669641446101,50.3026644858861
"4",2.09551651964086,2.27514553501964,5.3706620546605,4.10379095601651
"6",0.0985136990325437,0.478267556100228,1.57678125513277,0.827859912998884
"8",0.0898550362575974,0.553611527251359,1.64346656350896,0.497128971460934
"10",0.0923119085635349,0.672787413479911,1.76509932204345,0.34432657285109
"12",0.0934620243928042,0.757247612868941,1.85070963726175,0.259188901733157
"14",0.0947977247317482,0.820019347992932,1.91481707272468,0.197593154775022
"16",0.0953352505170608,0.869597258821166,1.96493250933823,0.154228169192566
