"parameter_values","Bias_sq","Variance","Test","Training"
"1",0.101901685870556,1.01178203674513,2.11368372261569,0
"3",0.0954732855893087,0.334262773886998,1.42973605947631,0.714887403775385
"5",0.133787574650464,0.20056036181233,1.33434793646279,0.88262326954135
"7",0.204079414660395,0.145012388402965,1.34909180306336,0.987594112217264
"9",0.338155241836918,0.113154391546736,1.45130963338365,1.09045148620283
"11",0.48605558112108,0.0912831650609508,1.57733874618203,1.18409608142091
"13",0.667847077025193,0.0768851411575895,1.74473221818278,1.32515329455877
"15",0.908831796837073,0.0671539018397391,1.97598569867681,1.49692651855137
